-- npc --
DELETE  FROM npc where  (id=22775 );
DELETE  FROM npc where  (id=22776);
DELETE  FROM npc where  (id=22777);
DELETE  FROM npc where  (id=22778);
DELETE  FROM npc where  (id=22779);
DELETE  FROM npc where  (id=22780 );
DELETE  FROM npc where  (id=22781 );
DELETE  FROM npc where  (id=22782 );
DELETE  FROM npc where  (id=22783 );
DELETE  FROM npc where  (id=22784 );
DELETE  FROM npc where  (id=22785 );
DELETE  FROM npc where  (id=22786 );
DELETE  FROM npc where  (id=22787 );
DELETE  FROM npc where  (id=22788 );
DELETE  FROM npc where  (id=18908 );
INSERT INTO npc VALUES 
('22775', '22775', 'Sel Mahum Drill Sergeant', '0', '', '0', 'LineageMonster5.xel_mahum_sorcerer', '27.00', '31.50', '84', 'male', 'L2Monster', '40', '3862.00000', '1494.00000', '8.50000', '3.00000', '40', '43', '30', '21', '20', '20', '25111', '2528', '1962.00000', '619.00000', '1353.00000', '412.00000', '253', '4', '0', '333', '0', '0', '0', '60', '150', '1', '1', '0', '0'),
('22776', '22776', 'Sel Mahum Training Officer', '0', '', '0', 'LineageMonster5.xel_mahum_high_sorcerer', '29.00', '33.50', '84', 'male', 'L2Monster', '40', '3862.00000', '1494.00000', '8.50000', '3.00000', '40', '43', '30', '21', '20', '20', '37863', '3820', '1962.00000', '619.00000', '1353.00000', '412.00000', '253', '4', '0', '333', '0', '0', '0', '49', '150', '1', '1', '0', '0'),
('22777', '22777', 'Sel Mahum Drill Sergeant', '0', '', '0', 'LineageMonster5.xel_mahum_warrior', '29.00', '37.00', '84', 'male', 'L2Monster', '40', '3862.00000', '1494.00000', '8.50000', '3.00000', '40', '43', '30', '21', '20', '20', '25111', '2528', '1962.00000', '619.00000', '1353.00000', '412.00000', '253', '4', '0', '333', '0', '0', '0', '60', '180', '1', '1', '0', '0'),
('22778', '22778', 'Sel Mahum Drill Sergeant', '0', '', '0', 'LineageMonster5.xel_mahum_sniper', '27.00', '31.00', '84', 'male', 'L2Monster', '40', '3862.00000', '1494.00000', '8.50000', '3.00000', '40', '43', '30', '21', '20', '20', '25111', '2528', '1962.00000', '619.00000', '1353.00000', '412.00000', '253', '4', '0', '333', '0', '0', '0', '60', '150', '1', '1', '0', '0'),
('22779', '22779', 'Sel Mahum Escort Guard', '0', '', '0', 'LineageMonster5.xel_mahum_warrior', '29.00', '37.00', '84', 'male', 'L2Monster', '40', '3862.00000', '1494.00000', '8.50000', '3.00000', '40', '43', '30', '21', '20', '20', '24663', '2481', '1962.00000', '619.00000', '1353.00000', '412.00000', '253', '4', '0', '333', '0', '0', '0', '60', '180', '1', '1', '0', '0'),
('22780', '22780', 'Sel Mahum Recruit', '0', '', '0', 'LineageMonster5.xel_mahum_sorcerer', '27.00', '31.50', '83', 'male', 'L2Monster', '40', '3862.00000', '1494.00000', '8.50000', '3.00000', '40', '43', '30', '21', '20', '20', '8454', '912', '1874.00000', '609.00000', '1292.00000', '405.00000', '253', '4', '0', '333', '0', '0', '0', '60', '150', '1', '1', '0', '0'),
('22781', '22781', 'Sel Mahum Soldier', '0', '', '0', 'LineageMonster5.xel_mahum_high_sorcerer', '29.00', '33.50', '84', 'male', 'L2Monster', '40', '3862.00000', '1494.00000', '8.50000', '3.00000', '40', '43', '30', '21', '20', '20', '11193', '1194', '1962.00000', '619.00000', '1353.00000', '412.00000', '253', '4', '0', '333', '0', '0', '0', '49', '150', '1', '1', '0', '0'),
('22782', '22782', 'Sel Mahum Recruit', '0', '', '0', 'LineageMonster5.xel_mahum_warrior', '29.00', '37.00', '83', 'male', 'L2Monster', '40', '3862.00000', '1494.00000', '8.50000', '3.00000', '40', '43', '30', '21', '20', '20', '8454', '912', '1874.00000', '609.00000', '1292.00000', '405.00000', '253', '4', '0', '333', '0', '0', '0', '60', '180', '1', '1', '0', '0'),
('22783', '22783', 'Sel Mahum Soldier', '0', '', '0', 'LineageMonster5.xel_mahum_warrior', '29.00', '37.00', '84', 'male', 'L2Monster', '40', '3862.00000', '1494.00000', '8.50000', '3.00000', '40', '43', '30', '21', '20', '20', '8532', '910', '1962.00000', '619.00000', '1353.00000', '412.00000', '253', '4', '0', '333', '0', '0', '0', '60', '180', '1', '1', '0', '0'),
('22784', '22784', 'Sel Mahum Recruit', '0', '', '0', 'LineageMonster5.xel_mahum_sniper', '27.00', '31.00', '83', 'male', 'L2Monster', '40', '3862.00000', '1494.00000', '8.50000', '3.00000', '40', '43', '30', '21', '20', '20', '8454', '912', '1874.00000', '609.00000', '1292.00000', '405.00000', '253', '4', '0', '333', '0', '0', '0', '60', '150', '1', '1', '0', '0'),
('22785', '22785', 'Sel Mahum Soldier', '0', '', '0', 'LineageMonster5.xel_mahum_sniper', '27.00', '31.00', '84', 'male', 'L2Monster', '40', '3862.00000', '1494.00000', '8.50000', '3.00000', '40', '43', '30', '21', '20', '20', '4808', '512', '1962.00000', '619.00000', '1353.00000', '412.00000', '253', '4', '0', '333', '0', '0', '0', '60', '150', '1', '1', '0', '0'),
('22786', '22786', 'Sel Mahum Squad Leader', '0', '', '0', 'LineageMonster5.xel_mahum_sorcerer', '27.00', '31.50', '84', 'male', 'L2Monster', '40', '3862.00000', '1494.00000', '8.50000', '3.00000', '40', '43', '30', '21', '20', '20', '20752', '2063', '1962.00000', '619.00000', '1353.00000', '412.00000', '253', '4', '0', '333', '0', '0', '0', '60', '150', '1', '1', '0', '0'),
('22787', '22787', 'Sel Mahum Squad Leader', '0', '', '0', 'LineageMonster5.xel_mahum_warrior', '29.00', '37.00', '84', 'male', 'L2Monster', '40', '3862.00000', '1494.00000', '8.50000', '3.00000', '40', '43', '30', '21', '20', '20', '20752', '2063', '1962.00000', '619.00000', '1353.00000', '412.00000', '253', '4', '0', '333', '0', '0', '0', '60', '180', '1', '1', '0', '0'),
('22788', '22788', 'Sel Mahum Squad Leader', '0', '', '0', 'LineageMonster5.xel_mahum_sniper', '27.00', '31.00', '84', 'male', 'L2Monster', '40', '3862.00000', '1494.00000', '8.50000', '3.00000', '40', '43', '30', '21', '20', '20', '20752', '2063', '1962.00000', '619.00000', '1353.00000', '412.00000', '253', '4', '0', '333', '0', '0', '0', '60', '150', '1', '1', '0', '0'),
('18908', '18908', 'Sel Mahum Chef', '0', '', '0', 'LineageMonster5.ol_mahum_cooker', '20.00', '37.00', '83', 'male', 'L2Monster', '40', '3862.00000', '1494.00000', '8.50000', '3.00000', '40', '43', '30', '21', '20', '20', '17548', '1759', '1874.00000', '609.00000', '1292.00000', '405.00000', '253', '4', '0', '333', '0', '0', '0', '40', '120', '1', '1', '0', '0');


-- NPC AI --


DELETE  FROM npcaidata where  npc_id=22775;
DELETE  FROM npcaidata where  npc_id=22776;
DELETE  FROM npcaidata where  npc_id=22777;
DELETE  FROM npcaidata where  npc_id=22778;
DELETE  FROM npcaidata where  npc_id=22779;
DELETE  FROM npcaidata where  npc_id=22780;
DELETE  FROM npcaidata where  npc_id=22781;
DELETE  FROM npcaidata where  npc_id=22782;
DELETE  FROM npcaidata where  npc_id=22783;
DELETE  FROM npcaidata where  npc_id=22784;
DELETE  FROM npcaidata where  npc_id=22785;
DELETE  FROM npcaidata where  npc_id=22786;
DELETE  FROM npcaidata where  npc_id=22787;
DELETE  FROM npcaidata where  npc_id=22788;

INSERT INTO npcaidata VALUES
(22775,15,NULL,1,NULL,NULL,NULL,NULL,0,0,0,0,NULL,'xel_private_clan',300,NULL,NULL,NULL,'fighter'),
(22776,15,NULL,1,NULL,NULL,NULL,NULL,0,0,0,0,NULL,'xel_private_clan',300,NULL,NULL,NULL,'fighter'),
(22777,15,NULL,1,NULL,NULL,NULL,NULL,0,0,0,0,NULL,'xel_private_clan',300,NULL,NULL,NULL,'fighter'),
(22778,15,NULL,1,NULL,NULL,NULL,NULL,0,0,0,0,NULL,'xel_private_clan',300,NULL,NULL,NULL,'fighter'),
(22779,15,NULL,1,NULL,NULL,NULL,NULL,0,0,0,0,NULL,'xel_private_clan',300,NULL,NULL,NULL,'fighter'),
(22780,15,NULL,1,NULL,NULL,NULL,NULL,0,0,0,0,NULL,'xel_private_clan',400,NULL,NULL,NULL,'fighter'),
(22781,15,NULL,1,NULL,NULL,NULL,NULL,0,0,0,0,NULL,'xel_private_clan',300,NULL,NULL,NULL,'fighter'),
(22782,15,NULL,1,NULL,NULL,NULL,NULL,0,0,0,0,NULL,'xel_private_clan',400,NULL,NULL,NULL,'fighter'),
(22783,15,NULL,1,NULL,NULL,NULL,NULL,0,0,0,0,NULL,'xel_private_clan',300,NULL,NULL,NULL,'fighter'),
(22784,15,NULL,1,NULL,NULL,NULL,NULL,0,0,0,0,NULL,'xel_private_clan',400,NULL,NULL,NULL,'fighter'),
(22785,15,NULL,1,NULL,NULL,NULL,NULL,0,0,0,0,NULL,'xel_private_clan',300,NULL,NULL,NULL,'fighter'),
(22786,15,NULL,1,NULL,NULL,NULL,NULL,0,0,0,0,NULL,'xel_private_clan',400,NULL,NULL,NULL,'fighter'),
(22787,15,NULL,1,NULL,NULL,NULL,NULL,0,0,0,0,NULL,'xel_private_clan',400,NULL,NULL,NULL,'fighter'),
(22788,15,NULL,1,NULL,NULL,NULL,NULL,0,0,0,0,NULL,'xel_private_clan',400,NULL,NULL,NULL,'fighter');


-- NPC Skills --
DELETE  FROM npcskills where  (npcid=22775);
DELETE  FROM npcskills where  (npcid=22776);
DELETE  FROM npcskills where  (npcid=22777);
DELETE  FROM npcskills where  (npcid=22778);
DELETE  FROM npcskills where  (npcid=22779);
DELETE  FROM npcskills where  (npcid=22780);
DELETE  FROM npcskills where  (npcid=22781);
DELETE  FROM npcskills where  (npcid=22782);
DELETE  FROM npcskills where  (npcid=22783);
DELETE  FROM npcskills where  (npcid=22784);
DELETE  FROM npcskills where  (npcid=22785);
DELETE  FROM npcskills where  (npcid=22786);
DELETE  FROM npcskills where  (npcid=22787);
DELETE  FROM npcskills where  (npcid=22788);
DELETE  FROM npcskills where  (npcid=18908);


INSERT INTO `npcskills` VALUES
(22775,4416,6),
(22776,4416,6),
(22777,4416,6),
(22778,4416,6),
(22779,4416,6),
(22780,4416,6),
(22781,4416,6),
(22782,4416,6),
(22783,4416,6),
(22784,4416,6),
(22785,4416,6),
(22786,4416,6),
(22787,4416,6),
(22788,4416,6),
(18908,4416,6),

(22775,5462,1),
(22776,5462,1),
(22777,5462,1),
(22778,5462,1),
(22779,5462,1),
(22780,5462,1),
(22781,5462,1),
(22782,5462,1),
(22783,5462,1),
(22784,5462,1),
(22785,5462,1),
(22786,5462,1),
(22787,5462,1),
(22788,5462,1),
(18908,5462,1),



(22775,4408,10),
(22776,4408,11),
(22777,4408,10),
(22778,4408,10),
(22779,4408,10),
(22780,4408,1),
(22781,4408,1),
(22782,4408,1),
(22783,4408,1),
(22784,4408,1),
(22785,4408,1),
(22786,4408,10),
(22787,4408,10),
(22788,4408,10),
(18908,4408,10),


(22775,4409,1),
(22776,4409,1),
(22777,4409,1),
(22778,4409,1),
(22779,4409,1),
(22780,4409,1),
(22781,4409,1),
(22782,4409,1),
(22783,4409,1),
(22784,4409,1),
(22785,4409,1),
(22786,4409,1),
(22787,4409,1),
(22788,4409,1),
(18908,4409,1),

(22775,4410,8),
(22776,4410,8),
(22777,4410,8),
(22778,4410,8),
(22779,4410,8),
(22780,4410,7),
(22781,4410,8),
(22782,4410,7),
(22783,4410,6),
(22784,4410,7),
(22785,4410,6),
(22786,4410,7),
(22787,4410,7),
(22788,4410,7),
(18908,4410,7),

(22775,4411,14),
(22776,4411,14),
(22777,4411,14),
(22778,4411,14),
(22779,4411,13),
(22780,4411,14),
(22781,4411,11),
(22782,4411,14),
(22783,4411,13),
(22784,4411,14),
(22785,4411,11),
(22786,4411,11),
(22787,4411,11),
(22788,4411,11),
(18908,4411,11),

(22775,4412,7),
(22776,4412,7),
(22777,4412,7),
(22778,4412,7),
(22779,4412,7),
(22780,4412,6),
(22781,4412,7),
(22782,4412,6),
(22783,4412,7),
(22784,4412,6),
(22785,4412,4),
(22786,4412,5),
(22787,4412,5),
(22788,4412,5),
(18908,4412,5),

(22775,4413,17),
(22776,4413,17),
(22777,4413,17),
(22778,4413,17),
(22779,4413,16),
(22780,4413,17),
(22781,4413,16),
(22782,4413,17),
(22783,4413,16),
(22784,4413,17),
(22785,4413,15),
(22786,4413,15),
(22787,4413,15),
(22788,4413,15),
(18908,4413,15),

(22775,4414,2),
(22776,4414,2),
(22777,4414,2),
(22778,4414,2),
(22779,4414,2),
(22780,4414,2),
(22781,4414,2),
(22782,4414,2),
(22783,4414,2),
(22784,4414,2),
(22785,4414,2),
(22786,4414,2),
(22787,4414,2),
(22788,4414,2),
(18908,4414,2),

(22775,4415,3),
(22776,4415,3),
(22777,4415,3),
(22778,4415,1),
(22779,4415,3),
(22780,4415,3),
(22781,4415,3),
(22782,4415,3),
(22783,4415,1),
(22784,4415,1),
(22785,4415,2),
(22786,4415,3),
(22787,4415,3),
(22788,4415,1),
(18908,4415,1),

(22775,4116,9),
(22776,4116,9),
(22777,4116,9),
(22778,4116,9),
(22779,4116,9),
(22780,4116,9),
(22781,4116,9),
(22782,4116,9),
(22783,4116,9),
(22784,4116,9),
(22785,4116,9),
(22786,4116,9),
(22787,4116,9),
(22788,4116,9),
(18908,4116,9),

(22775,4071,5),
(22776,4071,5),
(22777,4071,5),
(22778,4071,5),
(22779,4071,5),
(22780,4071,5),
(22781,4071,5),
(22782,4071,5),
(22783,4071,5),
(22784,4071,5),
(22785,4071,5),
(22786,4071,5),
(22787,4071,5),
(22788,4071,5),
(18908,4071,5),

(22775,5620,9),
(22776,5620,9),
(22777,5620,9),
(22778,5620,9),
(22779,5620,9),
(22780,5620,9),
(22781,5620,9),
(22782,5620,9),
(22783,5620,9),
(22784,5620,9),
(22785,5620,9),
(22786,5620,9),
(22787,5620,9),
(22788,5620,9),
(18908,5620,9),

(22775,5663,5),
(22776,5663,5),
(22777,5663,5),
(22778,5663,5),
(22779,5663,5),
(22780,5663,5),
(22781,5663,5),
(22782,5663,5),
(22783,5663,5),
(22784,5663,5),
(22785,5663,5),
(22786,5663,5),
(22787,5663,5),
(22788,5663,5),
(18908,5663,5),

(22775,4458,1),
(22776,4458,1),
(22777,4458,1),
(22778,4458,1),
(22779,4458,1),
(22780,4458,1),
(22781,4458,1),
(22782,4458,1),
(22783,4458,1),
(22784,4458,1),
(22785,4458,1),
(22786,4458,1),
(22787,4458,1),
(22788,4458,1),
(18908,4458,1);